{
  "angry": 1.0349416951666734,
  "disgust": 9.393044128646222,
  "fear": 1.001155931122449,
  "happy": 0.5702706384524566,
  "sad": 0.8436733734170837,
  "surprise": 1.2810220839496098,
  "neutral": 0.8271421985114931
}