{
  "accuracy": 0.6265305876731873,
  "loss": 1.9161301851272583,
  "top_2_accuracy": 0.8159554600715637
}