{
  "angry": {
    "precision": 0.5667144906743186,
    "recall": 0.5309139784946236,
    "f1-score": 0.5482303955586398,
    "support": 744.0
  },
  "disgust": {
    "precision": 0.4014084507042254,
    "recall": 0.6867469879518072,
    "f1-score": 0.5066666666666667,
    "support": 83.0
  },
  "fear": {
    "precision": 0.5146299483648882,
    "recall": 0.38881664499349805,
    "f1-score": 0.44296296296296295,
    "support": 769.0
  },
  "happy": {
    "precision": 0.8724569640062598,
    "recall": 0.8265381764269829,
    "f1-score": 0.8488770460601447,
    "support": 1349.0
  },
  "sad": {
    "precision": 0.5494830132939439,
    "recall": 0.40744797371303393,
    "f1-score": 0.4679245283018868,
    "support": 913.0
  },
  "surprise": {
    "precision": 0.6790299572039943,
    "recall": 0.7920133111480865,
    "f1-score": 0.7311827956989247,
    "support": 601.0
  },
  "neutral": {
    "precision": 0.5045662100456622,
    "recall": 0.7121374865735768,
    "f1-score": 0.5906458797327394,
    "support": 931.0
  },
  "accuracy": 0.6265306122448979,
  "macro avg": {
    "precision": 0.5840412906133274,
    "recall": 0.6206592227573727,
    "f1-score": 0.5909271821402807,
    "support": 5390.0
  },
  "weighted avg": {
    "precision": 0.6321286631125547,
    "recall": 0.6265306122448979,
    "f1-score": 0.6219401984913676,
    "support": 5390.0
  }
}