{
  "accuracy": [
    0.18895569443702698,
    0.2852649688720703,
    0.37018752098083496,
    0.4264044165611267,
    0.45455268025398254,
    0.4709957540035248,
    0.5075845122337341,
    0.5151491165161133,
    0.5228331685066223,
    0.5337420701980591,
    0.5436158776283264,
    0.5481546521186829,
    0.5540470480918884,
    0.5582274794578552,
    0.5683003664016724,
    0.5742325782775879,
    0.5765417814254761,
    0.5868136882781982,
    0.5859776139259338,
    0.5926663279533386,
    0.6058844327926636,
    0.6137277483940125,
    0.6161165833473206,
    0.6228848695755005,
    0.6232830286026001,
    0.6302902698516846,
    0.6318429708480835,
    0.6358641386032104,
    0.6471314430236816,
    0.6486443281173706,
    0.6444240808486938,
    0.6458972096443176,
    0.6449416875839233,
    0.64924156665802,
    0.6526257395744324,
    0.6543775200843811,
    0.6516303420066833,
    0.6550941467285156,
    0.6535812616348267,
    0.6604689955711365,
    0.6583588719367981,
    0.6585579514503479,
    0.6577616930007935,
    0.6603893637657166
  ],
  "loss": [
    3.607257127761841,
    3.14223051071167,
    2.859516143798828,
    2.6156857013702393,
    2.4634828567504883,
    2.375112295150757,
    2.227315664291382,
    2.158311605453491,
    2.115104913711548,
    2.0873584747314453,
    2.0377037525177,
    1.995308518409729,
    1.9592787027359009,
    1.9344334602355957,
    1.8992509841918945,
    1.8649649620056152,
    1.8531339168548584,
    1.8218427896499634,
    1.8311166763305664,
    1.7872734069824219,
    1.6994515657424927,
    1.6738330125808716,
    1.6447992324829102,
    1.6189509630203247,
    1.6197521686553955,
    1.574020504951477,
    1.5580837726593018,
    1.5521379709243774,
    1.5011916160583496,
    1.4955134391784668,
    1.50116765499115,
    1.4963301420211792,
    1.483802080154419,
    1.4792041778564453,
    1.4883806705474854,
    1.4648524522781372,
    1.4713940620422363,
    1.4589755535125732,
    1.4544763565063477,
    1.4364033937454224,
    1.4423524141311646,
    1.4349825382232666,
    1.4511547088623047,
    1.4445594549179077
  ],
  "top_2_accuracy": [
    0.35358521342277527,
    0.4800732433795929,
    0.5655531883239746,
    0.6276227235794067,
    0.6549348831176758,
    0.6732890009880066,
    0.7066130638122559,
    0.7149341106414795,
    0.7224987149238586,
    0.7318150997161865,
    0.7431619763374329,
    0.7448341846466064,
    0.755942165851593,
    0.7551857233047485,
    0.7646215558052063,
    0.7716287970542908,
    0.7760481238365173,
    0.7771628499031067,
    0.7796711325645447,
    0.7845682501792908,
    0.7967512011528015,
    0.8009316325187683,
    0.8055500388145447,
    0.8107656240463257,
    0.8108054399490356,
    0.8179718852043152,
    0.8211171627044678,
    0.8209578990936279,
    0.825894832611084,
    0.8312298655509949,
    0.8295178413391113,
    0.8303141593933105,
    0.8310307860374451,
    0.832543671131134,
    0.8303141593933105,
    0.836365818977356,
    0.8339371681213379,
    0.835091769695282,
    0.8354501128196716,
    0.8357287645339966,
    0.8393916487693787,
    0.8401082754135132,
    0.8385953903198242,
    0.8402277231216431
  ],
  "val_accuracy": [
    0.1520446091890335,
    0.3180297315120697,
    0.4241635799407959,
    0.2884758412837982,
    0.2780669033527374,
    0.4247211813926697,
    0.48122677206993103,
    0.4992564916610718,
    0.5388475656509399,
    0.4895910918712616,
    0.5269516706466675,
    0.5431226491928101,
    0.5291821360588074,
    0.534014880657196,
    0.5691449642181396,
    0.5139405131340027,
    0.5784386396408081,
    0.593122661113739,
    0.5570632219314575,
    0.5511152148246765,
    0.6022304892539978,
    0.6092936992645264,
    0.593122661113739,
    0.6163568496704102,
    0.6167286038398743,
    0.6239777207374573,
    0.6208178400993347,
    0.6178438663482666,
    0.6276951432228088,
    0.6197025775909424,
    0.6284386515617371,
    0.6282528042793274,
    0.6286245584487915,
    0.6278810501098633,
    0.6289962530136108,
    0.6269516944885254,
    0.6224907040596008,
    0.6217471957206726,
    0.6297397613525391,
    0.6371747255325317,
    0.6364312171936035,
    0.6315985321998596,
    0.6368029713630676,
    0.6381040811538696
  ],
  "val_loss": [
    3.8498971462249756,
    2.933051109313965,
    2.661978244781494,
    3.632079601287842,
    3.073484420776367,
    2.768760919570923,
    2.3303463459014893,
    2.455054521560669,
    2.204817771911621,
    2.257554054260254,
    2.123929738998413,
    2.162381410598755,
    2.364527463912964,
    2.1035523414611816,
    2.1029250621795654,
    2.310941219329834,
    1.962237000465393,
    2.048038959503174,
    2.086944103240967,
    2.0085625648498535,
    1.9093339443206787,
    1.8864116668701172,
    2.09881854057312,
    1.9368982315063477,
    2.013479471206665,
    1.8973095417022705,
    1.9059875011444092,
    1.8928358554840088,
    1.9056001901626587,
    1.8699724674224854,
    1.8813128471374512,
    1.9323310852050781,
    1.8586457967758179,
    1.8624433279037476,
    1.8630536794662476,
    1.8549973964691162,
    1.9034790992736816,
    1.871009111404419,
    1.898801565170288,
    1.8678616285324097,
    1.8881086111068726,
    1.8990439176559448,
    1.887173056602478,
    1.8960100412368774
  ],
  "val_top_2_accuracy": [
    0.31654274463653564,
    0.5232341885566711,
    0.6208178400993347,
    0.49107807874679565,
    0.5470260381698608,
    0.623234212398529,
    0.6814126372337341,
    0.6916356682777405,
    0.7342007160186768,
    0.6992564797401428,
    0.7273234128952026,
    0.7356877326965332,
    0.729739785194397,
    0.7356877326965332,
    0.7674721479415894,
    0.7314126491546631,
    0.7743494510650635,
    0.7843866348266602,
    0.765055775642395,
    0.7444238066673279,
    0.7918215394020081,
    0.7968401312828064,
    0.7920074462890625,
    0.8068773150444031,
    0.8033457398414612,
    0.8059479594230652,
    0.8022304773330688,
    0.8042750954627991,
    0.8124535083770752,
    0.809107780456543,
    0.8117100596427917,
    0.8126394152641296,
    0.8124535083770752,
    0.8100371956825256,
    0.8120818138122559,
    0.8137546181678772,
    0.8087360858917236,
    0.8098512887954712,
    0.8137546181678772,
    0.8171003460884094,
    0.8197026252746582,
    0.8182156085968018,
    0.8208178281784058,
    0.8182156085968018
  ],
  "learning_rate": [
    0.0010000000474974513,
    0.0010000000474974513,
    0.0010000000474974513,
    0.0010000000474974513,
    0.0010000000474974513,
    0.0010000000474974513,
    0.0005000000237487257,
    0.0005000000237487257,
    0.0005000000237487257,
    0.0005000000237487257,
    0.0005000000237487257,
    0.0005000000237487257,
    0.0005000000237487257,
    0.0005000000237487257,
    0.0005000000237487257,
    0.0005000000237487257,
    0.0005000000237487257,
    0.0005000000237487257,
    0.0005000000237487257,
    0.0005000000237487257,
    0.0002500000118743628,
    0.0002500000118743628,
    0.0002500000118743628,
    0.0002500000118743628,
    0.0002500000118743628,
    0.0001250000059371814,
    0.0001250000059371814,
    0.0001250000059371814,
    6.25000029685907e-05,
    6.25000029685907e-05,
    6.25000029685907e-05,
    6.25000029685907e-05,
    6.25000029685907e-05,
    6.25000029685907e-05,
    6.25000029685907e-05,
    6.25000029685907e-05,
    6.25000029685907e-05,
    6.25000029685907e-05,
    6.25000029685907e-05,
    3.125000148429535e-05,
    3.125000148429535e-05,
    3.125000148429535e-05,
    1.5625000742147677e-05,
    1.5625000742147677e-05
  ]
}