{
  "accuracy": 0.6269516944885254,
  "loss": 1.8549973964691162,
  "top_2_accuracy": 0.8137546181678772
}