{
  "accuracy": 0.6265306122448979,
  "balanced_accuracy": 0.6206592227573727,
  "macro_precision": 0.5840412906133274,
  "macro_recall": 0.6206592227573727,
  "macro_f1": 0.5909271821402807,
  "weighted_f1": 0.6219401984913676,
  "top_2_accuracy": 0.8159554730983303,
  "num_test_samples": 5390
}