{
  "labels": [
    "angry",
    "disgust",
    "fear",
    "happy",
    "sad",
    "surprise",
    "neutral"
  ],
  "raw_counts": [
    [
      395,
      32,
      45,
      25,
      80,
      29,
      138
    ],
    [
      10,
      57,
      3,
      1,
      5,
      1,
      6
    ],
    [
      87,
      15,
      299,
      24,
      117,
      111,
      116
    ],
    [
      34,
      5,
      21,
      1115,
      20,
      44,
      110
    ],
    [
      94,
      21,
      117,
      40,
      372,
      13,
      256
    ],
    [
      16,
      4,
      52,
      23,
      5,
      476,
      25
    ],
    [
      61,
      8,
      44,
      50,
      78,
      27,
      663
    ]
  ],
  "normalized_by_true_label": [
    [
      0.5309139784946236,
      0.043010752688172046,
      0.06048387096774194,
      0.033602150537634407,
      0.10752688172043011,
      0.038978494623655914,
      0.18548387096774194
    ],
    [
      0.12048192771084337,
      0.6867469879518072,
      0.03614457831325301,
      0.012048192771084338,
      0.060240963855421686,
      0.012048192771084338,
      0.07228915662650602
    ],
    [
      0.11313394018205461,
      0.01950585175552666,
      0.38881664499349805,
      0.031209362808842653,
      0.15214564369310793,
      0.14434330299089726,
      0.1508452535760728
    ],
    [
      0.025203854707190512,
      0.0037064492216456633,
      0.015567086730911787,
      0.8265381764269829,
      0.014825796886582653,
      0.03261675315048184,
      0.08154188287620459
    ],
    [
      0.10295728368017525,
      0.023001095290251915,
      0.12814895947426067,
      0.04381161007667032,
      0.40744797371303393,
      0.014238773274917854,
      0.28039430449069
    ],
    [
      0.026622296173044926,
      0.0066555740432612314,
      0.08652246256239601,
      0.03826955074875208,
      0.008319467554076539,
      0.7920133111480865,
      0.04159733777038269
    ],
    [
      0.06552094522019335,
      0.008592910848549946,
      0.047261009667024706,
      0.05370569280343716,
      0.08378088077336197,
      0.02900107411385607,
      0.7121374865735768
    ]
  ]
}