{
  "train": {
    "quality_score": {
      "min": 0.0,
      "mean": 0.43562304973602295,
      "median": 0.4376930296421051,
      "max": 0.9936266541481018
    },
    "brightness": {
      "min": 0.0,
      "mean": 129.4865264892578,
      "median": 129.67535400390625,
      "max": 248.0872344970703
    },
    "contrast": {
      "min": 0.0,
      "mean": 54.097015380859375,
      "median": 53.677764892578125,
      "max": 114.15199279785156
    },
    "focus_score": {
      "min": 0.0,
      "mean": 0.03317712992429733,
      "median": 0.02921527624130249,
      "max": 0.474298894405365
    },
    "brightness_score": {
      "min": 0.0,
      "mean": 0.7882583737373352,
      "median": 0.819733738899231,
      "max": 0.9999898672103882
    }
  },
  "validation": {
    "quality_score": {
      "min": 0.0,
      "mean": 0.4368012547492981,
      "median": 0.43819987773895264,
      "max": 0.945436418056488
    },
    "brightness": {
      "min": 0.0,
      "mean": 129.1772003173828,
      "median": 129.19378662109375,
      "max": 245.58897399902344
    },
    "contrast": {
      "min": 0.0,
      "mean": 54.11325454711914,
      "median": 53.712703704833984,
      "max": 105.35672760009766
    },
    "focus_score": {
      "min": 0.0,
      "mean": 0.033294565975666046,
      "median": 0.029022056609392166,
      "max": 0.4195278584957123
    },
    "brightness_score": {
      "min": 0.0,
      "mean": 0.791140079498291,
      "median": 0.822085976600647,
      "max": 0.9999966621398926
    }
  },
  "test": {
    "quality_score": {
      "min": 0.061731062829494476,
      "mean": 0.4346703290939331,
      "median": 0.43645888566970825,
      "max": 1.0
    },
    "brightness": {
      "min": 8.612847328186035,
      "mean": 129.12496948242188,
      "median": 129.4246826171875,
      "max": 244.94921875
    },
    "contrast": {
      "min": 9.132527351379395,
      "mean": 53.814151763916016,
      "median": 53.3740234375,
      "max": 103.87097930908203
    },
    "focus_score": {
      "min": 0.0006874760147184134,
      "mean": 0.03303062543272972,
      "median": 0.02890796773135662,
      "max": 0.38269761204719543
    },
    "brightness_score": {
      "min": 0.06755173206329346,
      "mean": 0.7877431511878967,
      "median": 0.8152470588684082,
      "max": 0.9999727606773376
    }
  }
}